{"cameraMode":{"drawMode":0,"name":"Shaded","section":"Shading Mode"},"sceneLighting":false,"audioPlay":false,"sceneViewState":{"showFog":true,"showMaterialUpdate":false,"showSkybox":true,"showFlares":true,"showImageEffects":true,"showParticleSystems":true},"in2DMode":false,"pivot":{"x":2.961587429046631,"y":-12.606365203857422,"z":-110.80155944824219},"rotation":{"x":0.0034271967597305776,"y":-0.9921954870223999,"z":0.12146366387605667,"w":0.027982132509350778},"size":119.20993041992188,"orthographic":false}